source_path	output_path	bytes_in	bytes_out	where_used
_source/Website/Images/background-shot-of-blue-sea-surface-2026-01-08-22-04-46-utc.jpg	website/assets/img/background-shot-of-blue-sea-surface-2026-01-08-22-04-46-utc-2400.webp	2455406	147888	
_source/Website/Images/background-shot-of-blue-sea-surface-2026-01-08-22-04-46-utc.jpg	website/assets/img/background-shot-of-blue-sea-surface-2026-01-08-22-04-46-utc-1440.webp	2455406	78352	
_source/Website/Images/background-shot-of-blue-sea-surface-2026-01-08-22-04-46-utc.jpg	website/assets/img/background-shot-of-blue-sea-surface-2026-01-08-22-04-46-utc-800.webp	2455406	37404	
_source/Website/Images/background-shot-of-blue-sea-surface-2026-01-08-22-04-46-utc.jpg	website/assets/img/background-shot-of-blue-sea-surface-2026-01-08-22-04-46-utc-1440.jpg	2455406	261038	
_source/Website/Images/beautiful-shot-of-tall-grass-near-the-coast-of-the-2026-03-18-06-38-48-utc.jpeg	website/assets/img/beautiful-shot-of-tall-grass-near-the-coast-of-the-2026-03-18-06-38-48-utc-2400.webp	13024391	940634	
_source/Website/Images/beautiful-shot-of-tall-grass-near-the-coast-of-the-2026-03-18-06-38-48-utc.jpeg	website/assets/img/beautiful-shot-of-tall-grass-near-the-coast-of-the-2026-03-18-06-38-48-utc-1440.webp	13024391	423762	
_source/Website/Images/beautiful-shot-of-tall-grass-near-the-coast-of-the-2026-03-18-06-38-48-utc.jpeg	website/assets/img/beautiful-shot-of-tall-grass-near-the-coast-of-the-2026-03-18-06-38-48-utc-800.webp	13024391	150700	
_source/Website/Images/beautiful-shot-of-tall-grass-near-the-coast-of-the-2026-03-18-06-38-48-utc.jpeg	website/assets/img/beautiful-shot-of-tall-grass-near-the-coast-of-the-2026-03-18-06-38-48-utc-1440.jpg	13024391	737070	
_source/Website/Images/blue-water-ripples-gently-in-the-sea-2026-01-09-12-04-11-utc.jpg	website/assets/img/blue-water-ripples-gently-in-the-sea-2026-01-09-12-04-11-utc-2400.webp	13986134	261734	
_source/Website/Images/blue-water-ripples-gently-in-the-sea-2026-01-09-12-04-11-utc.jpg	website/assets/img/blue-water-ripples-gently-in-the-sea-2026-01-09-12-04-11-utc-1440.webp	13986134	135128	
_source/Website/Images/blue-water-ripples-gently-in-the-sea-2026-01-09-12-04-11-utc.jpg	website/assets/img/blue-water-ripples-gently-in-the-sea-2026-01-09-12-04-11-utc-800.webp	13986134	59794	
_source/Website/Images/blue-water-ripples-gently-in-the-sea-2026-01-09-12-04-11-utc.jpg	website/assets/img/blue-water-ripples-gently-in-the-sea-2026-01-09-12-04-11-utc-1440.jpg	13986134	358100	
_source/Website/Images/close-up-nature-beach-sand-soft-texture-in-summer-2026-01-05-06-20-23-utc.JPG	website/assets/img/close-up-nature-beach-sand-soft-texture-in-summer-2026-01-05-06-20-23-utc-2400.webp	7190954	134018	
_source/Website/Images/close-up-nature-beach-sand-soft-texture-in-summer-2026-01-05-06-20-23-utc.JPG	website/assets/img/close-up-nature-beach-sand-soft-texture-in-summer-2026-01-05-06-20-23-utc-1440.webp	7190954	63838	
_source/Website/Images/close-up-nature-beach-sand-soft-texture-in-summer-2026-01-05-06-20-23-utc.JPG	website/assets/img/close-up-nature-beach-sand-soft-texture-in-summer-2026-01-05-06-20-23-utc-800.webp	7190954	25756	
_source/Website/Images/close-up-nature-beach-sand-soft-texture-in-summer-2026-01-05-06-20-23-utc.JPG	website/assets/img/close-up-nature-beach-sand-soft-texture-in-summer-2026-01-05-06-20-23-utc-1440.jpg	7190954	198457	
_source/Website/Images/close-up-of-a-large-rock-formation-against-a-clear-2026-03-18-09-31-33-utc.jpeg	website/assets/img/close-up-of-a-large-rock-formation-against-a-clear-2026-03-18-09-31-33-utc-2400.webp	3970402	1288780	
_source/Website/Images/close-up-of-a-large-rock-formation-against-a-clear-2026-03-18-09-31-33-utc.jpeg	website/assets/img/close-up-of-a-large-rock-formation-against-a-clear-2026-03-18-09-31-33-utc-1440.webp	3970402	536128	
_source/Website/Images/close-up-of-a-large-rock-formation-against-a-clear-2026-03-18-09-31-33-utc.jpeg	website/assets/img/close-up-of-a-large-rock-formation-against-a-clear-2026-03-18-09-31-33-utc-800.webp	3970402	167526	
_source/Website/Images/close-up-of-a-large-rock-formation-against-a-clear-2026-03-18-09-31-33-utc.jpeg	website/assets/img/close-up-of-a-large-rock-formation-against-a-clear-2026-03-18-09-31-33-utc-1440.jpg	3970402	452043	
_source/Website/Images/close-up-of-sand-in-the-golden-light-2026-03-24-08-44-48-utc.jpg	website/assets/img/close-up-of-sand-in-the-golden-light-2026-03-24-08-44-48-utc-2400.webp	10253614	87288	
_source/Website/Images/close-up-of-sand-in-the-golden-light-2026-03-24-08-44-48-utc.jpg	website/assets/img/close-up-of-sand-in-the-golden-light-2026-03-24-08-44-48-utc-1440.webp	10253614	39624	
_source/Website/Images/close-up-of-sand-in-the-golden-light-2026-03-24-08-44-48-utc.jpg	website/assets/img/close-up-of-sand-in-the-golden-light-2026-03-24-08-44-48-utc-800.webp	10253614	15850	
_source/Website/Images/close-up-of-sand-in-the-golden-light-2026-03-24-08-44-48-utc.jpg	website/assets/img/close-up-of-sand-in-the-golden-light-2026-03-24-08-44-48-utc-1440.jpg	10253614	142729	
_source/Website/Images/cracked-stone-texture-natural-background-from-mos-2026-03-20-00-34-22-utc.jpg	website/assets/img/cracked-stone-texture-natural-background-from-mos-2026-03-20-00-34-22-utc-2400.webp	18403517	750390	
_source/Website/Images/cracked-stone-texture-natural-background-from-mos-2026-03-20-00-34-22-utc.jpg	website/assets/img/cracked-stone-texture-natural-background-from-mos-2026-03-20-00-34-22-utc-1440.webp	18403517	331664	
_source/Website/Images/cracked-stone-texture-natural-background-from-mos-2026-03-20-00-34-22-utc.jpg	website/assets/img/cracked-stone-texture-natural-background-from-mos-2026-03-20-00-34-22-utc-800.webp	18403517	119606	
_source/Website/Images/cracked-stone-texture-natural-background-from-mos-2026-03-20-00-34-22-utc.jpg	website/assets/img/cracked-stone-texture-natural-background-from-mos-2026-03-20-00-34-22-utc-1440.jpg	18403517	632226	
_source/Website/Images/decorative-grass-miscanthus-plants-dried-panicle-2026-03-24-07-55-27-utc.jpg	website/assets/img/decorative-grass-miscanthus-plants-dried-panicle-2026-03-24-07-55-27-utc-2400.webp	9354470	119808	
_source/Website/Images/decorative-grass-miscanthus-plants-dried-panicle-2026-03-24-07-55-27-utc.jpg	website/assets/img/decorative-grass-miscanthus-plants-dried-panicle-2026-03-24-07-55-27-utc-1440.webp	9354470	65988	
_source/Website/Images/decorative-grass-miscanthus-plants-dried-panicle-2026-03-24-07-55-27-utc.jpg	website/assets/img/decorative-grass-miscanthus-plants-dried-panicle-2026-03-24-07-55-27-utc-800.webp	9354470	31938	
_source/Website/Images/decorative-grass-miscanthus-plants-dried-panicle-2026-03-24-07-55-27-utc.jpg	website/assets/img/decorative-grass-miscanthus-plants-dried-panicle-2026-03-24-07-55-27-utc-1440.jpg	9354470	222951	
_source/Website/Images/dreamy-sunlight-on-delicate-green-leafy-branches-2026-03-16-23-48-00-utc.jpg	website/assets/img/dreamy-sunlight-on-delicate-green-leafy-branches-2026-03-16-23-48-00-utc-2400.webp	8480175	159996	
_source/Website/Images/dreamy-sunlight-on-delicate-green-leafy-branches-2026-03-16-23-48-00-utc.jpg	website/assets/img/dreamy-sunlight-on-delicate-green-leafy-branches-2026-03-16-23-48-00-utc-1440.webp	8480175	79078	
_source/Website/Images/dreamy-sunlight-on-delicate-green-leafy-branches-2026-03-16-23-48-00-utc.jpg	website/assets/img/dreamy-sunlight-on-delicate-green-leafy-branches-2026-03-16-23-48-00-utc-800.webp	8480175	33908	
_source/Website/Images/dreamy-sunlight-on-delicate-green-leafy-branches-2026-03-16-23-48-00-utc.jpg	website/assets/img/dreamy-sunlight-on-delicate-green-leafy-branches-2026-03-16-23-48-00-utc-1440.jpg	8480175	217283	
_source/Website/Images/flowing-blue-water-abstract-texture-in-motion-2026-03-25-00-51-10-utc.jpg	website/assets/img/flowing-blue-water-abstract-texture-in-motion-2026-03-25-00-51-10-utc-2400.webp	17396484	261346	
_source/Website/Images/flowing-blue-water-abstract-texture-in-motion-2026-03-25-00-51-10-utc.jpg	website/assets/img/flowing-blue-water-abstract-texture-in-motion-2026-03-25-00-51-10-utc-1440.webp	17396484	120668	
_source/Website/Images/flowing-blue-water-abstract-texture-in-motion-2026-03-25-00-51-10-utc.jpg	website/assets/img/flowing-blue-water-abstract-texture-in-motion-2026-03-25-00-51-10-utc-800.webp	17396484	50032	
_source/Website/Images/flowing-blue-water-abstract-texture-in-motion-2026-03-25-00-51-10-utc.jpg	website/assets/img/flowing-blue-water-abstract-texture-in-motion-2026-03-25-00-51-10-utc-1440.jpg	17396484	347699	
_source/Website/Images/golden-sunlight-illuminating-tidal-patterns-at-wes-2026-03-24-06-16-48-utc.jpg	website/assets/img/golden-sunlight-illuminating-tidal-patterns-at-wes-2026-03-24-06-16-48-utc-2400.webp	25120254	1201426	
_source/Website/Images/golden-sunlight-illuminating-tidal-patterns-at-wes-2026-03-24-06-16-48-utc.jpg	website/assets/img/golden-sunlight-illuminating-tidal-patterns-at-wes-2026-03-24-06-16-48-utc-1440.webp	25120254	486070	
_source/Website/Images/golden-sunlight-illuminating-tidal-patterns-at-wes-2026-03-24-06-16-48-utc.jpg	website/assets/img/golden-sunlight-illuminating-tidal-patterns-at-wes-2026-03-24-06-16-48-utc-800.webp	25120254	151364	
_source/Website/Images/golden-sunlight-illuminating-tidal-patterns-at-wes-2026-03-24-06-16-48-utc.jpg	website/assets/img/golden-sunlight-illuminating-tidal-patterns-at-wes-2026-03-24-06-16-48-utc-1440.jpg	25120254	719634	
_source/Website/Images/golden-sunlight-through-delicate-grass-in-field-2026-01-07-06-32-06-utc.jpg	website/assets/img/golden-sunlight-through-delicate-grass-in-field-2026-01-07-06-32-06-utc-2400.webp	6604144	246308	
_source/Website/Images/golden-sunlight-through-delicate-grass-in-field-2026-01-07-06-32-06-utc.jpg	website/assets/img/golden-sunlight-through-delicate-grass-in-field-2026-01-07-06-32-06-utc-1440.webp	6604144	91842	
_source/Website/Images/golden-sunlight-through-delicate-grass-in-field-2026-01-07-06-32-06-utc.jpg	website/assets/img/golden-sunlight-through-delicate-grass-in-field-2026-01-07-06-32-06-utc-800.webp	6604144	38472	
_source/Website/Images/golden-sunlight-through-delicate-grass-in-field-2026-01-07-06-32-06-utc.jpg	website/assets/img/golden-sunlight-through-delicate-grass-in-field-2026-01-07-06-32-06-utc-1440.jpg	6604144	288835	
_source/Website/Images/high-angle-view-of-textured-sand-with-sunlight-2026-03-12-23-50-56-utc.jpg	website/assets/img/high-angle-view-of-textured-sand-with-sunlight-2026-03-12-23-50-56-utc-2400.webp	19204334	332954	
_source/Website/Images/high-angle-view-of-textured-sand-with-sunlight-2026-03-12-23-50-56-utc.jpg	website/assets/img/high-angle-view-of-textured-sand-with-sunlight-2026-03-12-23-50-56-utc-1440.webp	19204334	150848	
_source/Website/Images/high-angle-view-of-textured-sand-with-sunlight-2026-03-12-23-50-56-utc.jpg	website/assets/img/high-angle-view-of-textured-sand-with-sunlight-2026-03-12-23-50-56-utc-800.webp	19204334	51854	
_source/Website/Images/high-angle-view-of-textured-sand-with-sunlight-2026-03-12-23-50-56-utc.jpg	website/assets/img/high-angle-view-of-textured-sand-with-sunlight-2026-03-12-23-50-56-utc-1440.jpg	19204334	344422	
_source/Website/Images/sand-dune-patterns-in-the-desert-huacachina-ica-2026-03-09-05-46-31-utc.jpg	website/assets/img/sand-dune-patterns-in-the-desert-huacachina-ica-2026-03-09-05-46-31-utc-2400.webp	6068528	664764	
_source/Website/Images/sand-dune-patterns-in-the-desert-huacachina-ica-2026-03-09-05-46-31-utc.jpg	website/assets/img/sand-dune-patterns-in-the-desert-huacachina-ica-2026-03-09-05-46-31-utc-1440.webp	6068528	259558	
_source/Website/Images/sand-dune-patterns-in-the-desert-huacachina-ica-2026-03-09-05-46-31-utc.jpg	website/assets/img/sand-dune-patterns-in-the-desert-huacachina-ica-2026-03-09-05-46-31-utc-800.webp	6068528	85446	
_source/Website/Images/sand-dune-patterns-in-the-desert-huacachina-ica-2026-03-09-05-46-31-utc.jpg	website/assets/img/sand-dune-patterns-in-the-desert-huacachina-ica-2026-03-09-05-46-31-utc-1440.jpg	6068528	342087	
_source/Website/Images/scenic-mountain-landscape-with-trees-and-grass-2026-03-16-06-04-57-utc.jpg	website/assets/img/scenic-mountain-landscape-with-trees-and-grass-2026-03-16-06-04-57-utc-2400.webp	11759536	575646	
_source/Website/Images/scenic-mountain-landscape-with-trees-and-grass-2026-03-16-06-04-57-utc.jpg	website/assets/img/scenic-mountain-landscape-with-trees-and-grass-2026-03-16-06-04-57-utc-1440.webp	11759536	255548	
_source/Website/Images/scenic-mountain-landscape-with-trees-and-grass-2026-03-16-06-04-57-utc.jpg	website/assets/img/scenic-mountain-landscape-with-trees-and-grass-2026-03-16-06-04-57-utc-800.webp	11759536	90020	
_source/Website/Images/scenic-mountain-landscape-with-trees-and-grass-2026-03-16-06-04-57-utc.jpg	website/assets/img/scenic-mountain-landscape-with-trees-and-grass-2026-03-16-06-04-57-utc-1440.jpg	11759536	518932	
_source/Website/Images/sea-pebble-sea-stones-background-beach-rocks-ba-2026-04-15-04-47-44-utc.jpg	website/assets/img/sea-pebble-sea-stones-background-beach-rocks-ba-2026-04-15-04-47-44-utc-2400.webp	3815213	210218	
_source/Website/Images/sea-pebble-sea-stones-background-beach-rocks-ba-2026-04-15-04-47-44-utc.jpg	website/assets/img/sea-pebble-sea-stones-background-beach-rocks-ba-2026-04-15-04-47-44-utc-1440.webp	3815213	105384	
_source/Website/Images/sea-pebble-sea-stones-background-beach-rocks-ba-2026-04-15-04-47-44-utc.jpg	website/assets/img/sea-pebble-sea-stones-background-beach-rocks-ba-2026-04-15-04-47-44-utc-800.webp	3815213	46354	
_source/Website/Images/sea-pebble-sea-stones-background-beach-rocks-ba-2026-04-15-04-47-44-utc.jpg	website/assets/img/sea-pebble-sea-stones-background-beach-rocks-ba-2026-04-15-04-47-44-utc-1440.jpg	3815213	301539	
_source/Website/Images/sunlight-through-tall-grass-in-the-forest-2026-03-17-07-23-04-utc.jpg	website/assets/img/sunlight-through-tall-grass-in-the-forest-2026-03-17-07-23-04-utc-2400.webp	2751631	146404	
_source/Website/Images/sunlight-through-tall-grass-in-the-forest-2026-03-17-07-23-04-utc.jpg	website/assets/img/sunlight-through-tall-grass-in-the-forest-2026-03-17-07-23-04-utc-1440.webp	2751631	75042	
_source/Website/Images/sunlight-through-tall-grass-in-the-forest-2026-03-17-07-23-04-utc.jpg	website/assets/img/sunlight-through-tall-grass-in-the-forest-2026-03-17-07-23-04-utc-800.webp	2751631	34352	
_source/Website/Images/sunlight-through-tall-grass-in-the-forest-2026-03-17-07-23-04-utc.jpg	website/assets/img/sunlight-through-tall-grass-in-the-forest-2026-03-17-07-23-04-utc-1440.jpg	2751631	250091	
_source/Website/Images/waving-grass-at-gold-sunset-with-sea-on-background-2026-03-16-04-35-12-utc.jpg	website/assets/img/waving-grass-at-gold-sunset-with-sea-on-background-2026-03-16-04-35-12-utc-2400.webp	7364602	219672	
_source/Website/Images/waving-grass-at-gold-sunset-with-sea-on-background-2026-03-16-04-35-12-utc.jpg	website/assets/img/waving-grass-at-gold-sunset-with-sea-on-background-2026-03-16-04-35-12-utc-1440.webp	7364602	117132	
_source/Website/Images/waving-grass-at-gold-sunset-with-sea-on-background-2026-03-16-04-35-12-utc.jpg	website/assets/img/waving-grass-at-gold-sunset-with-sea-on-background-2026-03-16-04-35-12-utc-800.webp	7364602	57358	
_source/Website/Images/waving-grass-at-gold-sunset-with-sea-on-background-2026-03-16-04-35-12-utc.jpg	website/assets/img/waving-grass-at-gold-sunset-with-sea-on-background-2026-03-16-04-35-12-utc-1440.jpg	7364602	329496	
_source/Marine's Images/IMG_8127.JPG	website/assets/img/marine-img-8127-2400.webp	9082421	277396	
_source/Marine's Images/IMG_8127.JPG	website/assets/img/marine-img-8127-1440.webp	9082421	142186	
_source/Marine's Images/IMG_8127.JPG	website/assets/img/marine-img-8127-800.webp	9082421	63166	
_source/Marine's Images/IMG_8127.JPG	website/assets/img/marine-img-8127-1440.jpg	9082421	319492	
_source/Marine's Images/Sin título-3195.jpg	website/assets/img/marine-sin-ttulo-3195-2400.webp	6914721	209712	
_source/Marine's Images/Sin título-3195.jpg	website/assets/img/marine-sin-ttulo-3195-1440.webp	6914721	105980	
_source/Marine's Images/Sin título-3195.jpg	website/assets/img/marine-sin-ttulo-3195-800.webp	6914721	48198	
_source/Marine's Images/Sin título-3195.jpg	website/assets/img/marine-sin-ttulo-3195-1440.jpg	6914721	242648	
_source/Marine's Images/Sin título-3504.jpg	website/assets/img/marine-sin-ttulo-3504-2400.webp	9798374	224882	
_source/Marine's Images/Sin título-3504.jpg	website/assets/img/marine-sin-ttulo-3504-1440.webp	9798374	101174	
_source/Marine's Images/Sin título-3504.jpg	website/assets/img/marine-sin-ttulo-3504-800.webp	9798374	38672	
_source/Marine's Images/Sin título-3504.jpg	website/assets/img/marine-sin-ttulo-3504-1440.jpg	9798374	255751	
_source/Marine's Images/Sin título-3530.jpg	website/assets/img/marine-sin-ttulo-3530-2400.webp	10021511	324846	
_source/Marine's Images/Sin título-3530.jpg	website/assets/img/marine-sin-ttulo-3530-1440.webp	10021511	155152	
_source/Marine's Images/Sin título-3530.jpg	website/assets/img/marine-sin-ttulo-3530-800.webp	10021511	65124	
_source/Marine's Images/Sin título-3530.jpg	website/assets/img/marine-sin-ttulo-3530-1440.jpg	10021511	339997	
